{"eval_LF-mse_offsets": 0.46638280153274536, "_timestamp": 1716472501.6933947, "_runtime": 520.2884285449982, "_step": 4, "eval_LF-mae_offsets": 0.381992369890213, "eval_LF-mse_speed_direction": 0.3112235367298126, "eval_LF-mae_speed_direction": 0.2806178331375122, "avg_eval_LF-mse": 0.3888031840324402, "avg_eval_LF-mae": 0.3313050866127014, "avg_eval_CLS-acc": NaN, "avg_eval_IMP-mse": NaN, "avg_eval_IMP-mae": NaN, "avg_eval_Anomaly-f_score": NaN, "_wandb": {"runtime": 518}}