{"eval_LF-mse_longlat": 1.3003443479537964, "_timestamp": 1716394283.2043009, "_runtime": 474.00638699531555, "_step": 4, "eval_LF-mae_longlat": 0.7179834842681885, "eval_LF-mse_speed_direction": 0.861078679561615, "eval_LF-mae_speed_direction": 0.6457611322402954, "avg_eval_LF-mse": 1.0807114839553833, "avg_eval_LF-mae": 0.6818723082542419, "avg_eval_CLS-acc": NaN, "avg_eval_IMP-mse": NaN, "avg_eval_IMP-mae": NaN, "avg_eval_Anomaly-f_score": NaN, "_wandb": {"runtime": 472}}