{"norm": 0, "train_cls_loss_longlat": 0.09576007723808289, "train_mask_loss_longlat": 0.09572462737560272, "train_sum_loss_longlat": 0.0014959742547944188, "loss_avg": 0.14017421764103657, "_timestamp": 1716354124.7886634, "_runtime": 3165.32088637352, "_step": 133489, "train_cls_loss_speed_direction": 0.035748790949583054, "train_mask_loss_speed_direction": 0.035758309066295624, "train_sum_loss_speed_direction": 0.0005586491897702217, "train_loss_avg": 0.14017421764103657, "_wandb": {"runtime": 3164}}