{"eval_LF-mse_offsets": 0.5686584115028381, "_timestamp": 1716438157.105341, "_runtime": 528.7124190330505, "_step": 4, "eval_LF-mae_offsets": 0.39217790961265564, "eval_LF-mse_speed_direction": 0.22437354922294617, "eval_LF-mae_speed_direction": 0.20870426297187805, "avg_eval_LF-mse": 0.39651596546173096, "avg_eval_LF-mae": 0.30044108629226685, "avg_eval_CLS-acc": NaN, "avg_eval_IMP-mse": NaN, "avg_eval_IMP-mae": NaN, "avg_eval_Anomaly-f_score": NaN, "_wandb": {"runtime": 527}}