{"eval_LF-mse_offsets": 0.5258774161338806, "_timestamp": 1716439419.1211805, "_runtime": 547.8796315193176, "_step": 4, "eval_LF-mae_offsets": 0.4183058738708496, "eval_LF-mse_speed_direction": 0.3762398064136505, "eval_LF-mae_speed_direction": 0.3199256360530853, "avg_eval_LF-mse": 0.45105862617492676, "avg_eval_LF-mae": 0.36911576986312866, "avg_eval_CLS-acc": NaN, "avg_eval_IMP-mse": NaN, "avg_eval_IMP-mae": NaN, "avg_eval_Anomaly-f_score": NaN, "_wandb": {"runtime": 545}}