{"eval_LF-mse_longlat": 0.6887093782424927, "_timestamp": 1716369002.0947666, "_runtime": 524.3994417190552, "_step": 4, "eval_LF-mae_longlat": 0.49399176239967346, "eval_LF-mse_speed_direction": 0.6240138411521912, "eval_LF-mae_speed_direction": 0.48452135920524597, "avg_eval_LF-mse": 0.6563615798950195, "avg_eval_LF-mae": 0.4892565608024597, "avg_eval_CLS-acc": NaN, "avg_eval_IMP-mse": NaN, "avg_eval_IMP-mae": NaN, "avg_eval_Anomaly-f_score": NaN, "_wandb": {"runtime": 523}}