{"eval_LF-mse_offsets": 0.4720504879951477, "_timestamp": 1716471719.009219, "_runtime": 482.4358739852905, "_step": 4, "eval_LF-mae_offsets": 0.3702734708786011, "eval_LF-mse_speed_direction": 0.24592135846614838, "eval_LF-mae_speed_direction": 0.2345438450574875, "avg_eval_LF-mse": 0.35898593068122864, "avg_eval_LF-mae": 0.3024086654186249, "avg_eval_CLS-acc": NaN, "avg_eval_IMP-mse": NaN, "avg_eval_IMP-mae": NaN, "avg_eval_Anomaly-f_score": NaN, "_wandb": {"runtime": 481}}