{"eval_LF-mse_longlat": 0.07818862050771713, "_timestamp": 1716390763.9320211, "_runtime": 517.9222931861877, "_step": 4, "eval_LF-mae_longlat": 0.15267245471477509, "eval_LF-mse_speed_direction": 0.17377780377864838, "eval_LF-mae_speed_direction": 0.17828278243541718, "avg_eval_LF-mse": 0.12598320841789246, "avg_eval_LF-mae": 0.16547761857509613, "avg_eval_CLS-acc": NaN, "avg_eval_IMP-mse": NaN, "avg_eval_IMP-mae": NaN, "avg_eval_Anomaly-f_score": NaN, "_wandb": {"runtime": 516}}