{"eval_LF-mse_longlat": 0.2691703736782074, "_timestamp": 1716378724.5222583, "_runtime": 2267.6503982543945, "_step": 4, "eval_LF-mae_longlat": 0.2899053990840912, "eval_LF-mse_speed_direction": 0.3407328426837921, "eval_LF-mae_speed_direction": 0.302010178565979, "avg_eval_LF-mse": 0.30495160818099976, "avg_eval_LF-mae": 0.2959578037261963, "avg_eval_CLS-acc": NaN, "avg_eval_IMP-mse": NaN, "avg_eval_IMP-mae": NaN, "avg_eval_Anomaly-f_score": NaN, "_wandb": {"runtime": 2265}}