{"eval_LF-mse_offsets": 0.5699846148490906, "_timestamp": 1716452408.2440581, "_runtime": 2413.9480061531067, "_step": 4, "eval_LF-mae_offsets": 0.4262067675590515, "eval_LF-mse_speed_direction": 0.3407287001609802, "eval_LF-mae_speed_direction": 0.30201950669288635, "avg_eval_LF-mse": 0.4553566575050354, "avg_eval_LF-mae": 0.3641131520271301, "avg_eval_CLS-acc": NaN, "avg_eval_IMP-mse": NaN, "avg_eval_IMP-mae": NaN, "avg_eval_Anomaly-f_score": NaN, "_wandb": {"runtime": 2412}}