{"eval_LF-mse_offsets": 0.6146472096443176, "_timestamp": 1716455138.503836, "_runtime": 2263.5776669979095, "_step": 4, "eval_LF-mae_offsets": 0.4521552324295044, "eval_LF-mse_speed_direction": 0.3993972837924957, "eval_LF-mae_speed_direction": 0.3413601517677307, "avg_eval_LF-mse": 0.5070222616195679, "avg_eval_LF-mae": 0.39675769209861755, "avg_eval_CLS-acc": NaN, "avg_eval_IMP-mse": NaN, "avg_eval_IMP-mae": NaN, "avg_eval_Anomaly-f_score": NaN, "_wandb": {"runtime": 2262}}