{"norm": 0, "train_cls_loss_speed_direction": 0.3677859604358673, "train_mask_loss_speed_direction": 0.36779657006263733, "train_sum_loss_speed_direction": 0.0057467385195195675, "loss_avg": 0.9423662576024435, "_timestamp": 1716437592.0363853, "_runtime": 3291.694187402725, "_step": 133469, "train_cls_loss_offsets": 0.7889119982719421, "train_mask_loss_offsets": 0.7890375852584839, "train_sum_loss_offsets": 0.012327730655670166, "train_loss_avg": 0.9423662576024435, "_wandb": {"runtime": 3290}}