{"eval_LF-mse_offsets": 1.0293099880218506, "_timestamp": 1716441913.9469867, "_runtime": 530.7894327640533, "_step": 4, "eval_LF-mae_offsets": 0.6355857849121094, "eval_LF-mse_speed_direction": 0.7618352174758911, "eval_LF-mae_speed_direction": 0.587387204170227, "avg_eval_LF-mse": 0.8955726027488708, "avg_eval_LF-mae": 0.6114864945411682, "avg_eval_CLS-acc": NaN, "avg_eval_IMP-mse": NaN, "avg_eval_IMP-mae": NaN, "avg_eval_Anomaly-f_score": NaN, "_wandb": {"runtime": 529}}