{"eval_LF-mse_offsets": 1.1749083995819092, "_timestamp": 1716476563.5008063, "_runtime": 492.13603043556213, "_step": 4, "eval_LF-mae_offsets": 0.6783284544944763, "eval_LF-mse_speed_direction": 0.8610836863517761, "eval_LF-mae_speed_direction": 0.645757257938385, "avg_eval_LF-mse": 1.017996072769165, "avg_eval_LF-mae": 0.6620428562164307, "avg_eval_CLS-acc": NaN, "avg_eval_IMP-mse": NaN, "avg_eval_IMP-mae": NaN, "avg_eval_Anomaly-f_score": NaN, "_wandb": {"runtime": 490}}