{"eval_LF-mse_offsets": 0.6803943514823914, "_timestamp": 1716475348.8826845, "_runtime": 484.2441563606262, "_step": 4, "eval_LF-mae_offsets": 0.4974251985549927, "eval_LF-mse_speed_direction": 0.5791361927986145, "eval_LF-mae_speed_direction": 0.4500441551208496, "avg_eval_LF-mse": 0.6297652721405029, "avg_eval_LF-mae": 0.47373467683792114, "avg_eval_CLS-acc": NaN, "avg_eval_IMP-mse": NaN, "avg_eval_IMP-mae": NaN, "avg_eval_Anomaly-f_score": NaN, "_wandb": {"runtime": 482}}