{"eval_LF-mse_offsets": 0.8495945930480957, "_timestamp": 1716458191.1377344, "_runtime": 2267.4401144981384, "_step": 4, "eval_LF-mae_offsets": 0.5533257722854614, "eval_LF-mse_speed_direction": 0.5880757570266724, "eval_LF-mae_speed_direction": 0.4659169614315033, "avg_eval_LF-mse": 0.718835175037384, "avg_eval_LF-mae": 0.5096213817596436, "avg_eval_CLS-acc": NaN, "avg_eval_IMP-mse": NaN, "avg_eval_IMP-mae": NaN, "avg_eval_Anomaly-f_score": NaN, "_wandb": {"runtime": 2266}}