{"eval_LF-mse_longlat": 1.0340462923049927, "_timestamp": 1716393765.0651186, "_runtime": 504.3347716331482, "_step": 4, "eval_LF-mae_longlat": 0.6215226054191589, "eval_LF-mse_speed_direction": 0.7721691131591797, "eval_LF-mae_speed_direction": 0.5784487724304199, "avg_eval_LF-mse": 0.9031077027320862, "avg_eval_LF-mae": 0.5999857187271118, "avg_eval_CLS-acc": NaN, "avg_eval_IMP-mse": NaN, "avg_eval_IMP-mae": NaN, "avg_eval_Anomaly-f_score": NaN, "_wandb": {"runtime": 503}}