{"eval_LF-mse_offsets": 0.7828760743141174, "_timestamp": 1716441354.7841918, "_runtime": 524.9572718143463, "_step": 4, "eval_LF-mae_offsets": 0.5386874079704285, "eval_LF-mse_speed_direction": 0.6240020394325256, "eval_LF-mae_speed_direction": 0.48453739285469055, "avg_eval_LF-mse": 0.7034390568733215, "avg_eval_LF-mae": 0.5116124153137207, "avg_eval_CLS-acc": NaN, "avg_eval_IMP-mse": NaN, "avg_eval_IMP-mae": NaN, "avg_eval_Anomaly-f_score": NaN, "_wandb": {"runtime": 523}}