{"norm": 0, "train_cls_loss_offsets": 0.14237722754478455, "train_mask_loss_offsets": 0.14128237962722778, "train_sum_loss_offsets": 0.0022160906810313463, "loss_avg": 0.2690678673597435, "_timestamp": 1716397424.934612, "_runtime": 3070.13001203537, "_step": 133489, "train_cls_loss_speed_direction": 0.0042790621519088745, "train_mask_loss_speed_direction": 0.004273646045476198, "train_sum_loss_speed_direction": 6.681802915409207e-05, "train_loss_avg": 0.2690678673597435, "_wandb": {"runtime": 3068}}