{"norm": 0, "train_cls_loss_speed_direction": 0.14695662260055542, "train_mask_loss_speed_direction": 0.14697718620300293, "train_sum_loss_speed_direction": 0.0022963578812777996, "loss_avg": 0.7899743128725922, "_timestamp": 1716434254.4121974, "_runtime": 3316.407877445221, "_step": 133469, "train_cls_loss_offsets": 0.4464508891105652, "train_mask_loss_offsets": 0.44656839966773987, "train_sum_loss_offsets": 0.006976713426411152, "train_loss_avg": 0.7899743128725922, "_wandb": {"runtime": 3314}}