{"eval_LF-mse_longlat": 1.381534457206726, "_timestamp": 1716390202.9742174, "_runtime": 2267.7580263614655, "_step": 4, "eval_LF-mae_longlat": 0.7550656795501709, "eval_LF-mse_speed_direction": 0.8193494081497192, "eval_LF-mae_speed_direction": 0.6346116065979004, "avg_eval_LF-mse": 1.1004419326782227, "avg_eval_LF-mae": 0.6948386430740356, "avg_eval_CLS-acc": NaN, "avg_eval_IMP-mse": NaN, "avg_eval_IMP-mae": NaN, "avg_eval_Anomaly-f_score": NaN, "_wandb": {"runtime": 2265}}