{"eval_LF-mse_longlat": 1.2149487733840942, "_timestamp": 1716370423.3618815, "_runtime": 529.6972224712372, "_step": 4, "eval_LF-mae_longlat": 0.7135744094848633, "eval_LF-mse_speed_direction": 0.8322956562042236, "eval_LF-mae_speed_direction": 0.6425893902778625, "avg_eval_LF-mse": 1.0236222743988037, "avg_eval_LF-mae": 0.6780818700790405, "avg_eval_CLS-acc": NaN, "avg_eval_IMP-mse": NaN, "avg_eval_IMP-mae": NaN, "avg_eval_Anomaly-f_score": NaN, "_wandb": {"runtime": 528}}