{"norm": 0, "train_cls_loss_longlat": 0.008009697310626507, "train_mask_loss_longlat": 0.00801781378686428, "train_sum_loss_longlat": 0.00012521492317318916, "loss_avg": 0.04131943310765775, "_timestamp": 1716343728.4749343, "_runtime": 3350.662270307541, "_step": 133489, "train_cls_loss_speed_direction": 0.05015658214688301, "train_mask_loss_speed_direction": 0.05048477277159691, "train_sum_loss_speed_direction": 0.0007862605853006244, "train_loss_avg": 0.04131943310765775, "_wandb": {"runtime": 3349}}