{"norm": 0, "train_cls_loss_offsets": 0.3155965805053711, "train_mask_loss_offsets": 0.31560415029525757, "train_sum_loss_offsets": 0.004931255709379911, "loss_avg": 0.5816429445945934, "_timestamp": 1716430897.7623584, "_runtime": 3284.5275135040283, "_step": 133489, "train_cls_loss_speed_direction": 0.19853775203227997, "train_mask_loss_speed_direction": 0.19848613440990448, "train_sum_loss_speed_direction": 0.003101749112829566, "train_loss_avg": 0.5816429445945934, "_wandb": {"runtime": 3283}}