{"norm": 0, "train_cls_loss_speed_direction": 0.09235351532697678, "train_mask_loss_speed_direction": 0.09214004129171371, "train_sum_loss_speed_direction": 0.0014413559110835195, "loss_avg": 0.0746902867879622, "_timestamp": 1716347239.3762593, "_runtime": 3463.0939433574677, "_step": 133489, "train_cls_loss_longlat": 0.02348613552749157, "train_mask_loss_longlat": 0.023537054657936096, "train_sum_loss_longlat": 0.00036736868787556887, "train_loss_avg": 0.0746902867879622, "_wandb": {"runtime": 3461}}