{"eval_LF-mse_offsets": 0.5173385739326477, "_timestamp": 1716438835.6178544, "_runtime": 528.7957513332367, "_step": 4, "eval_LF-mae_offsets": 0.40236079692840576, "eval_LF-mse_speed_direction": 0.30510732531547546, "eval_LF-mae_speed_direction": 0.2704971432685852, "avg_eval_LF-mse": 0.4112229347229004, "avg_eval_LF-mae": 0.3364289700984955, "avg_eval_CLS-acc": NaN, "avg_eval_IMP-mse": NaN, "avg_eval_IMP-mae": NaN, "avg_eval_Anomaly-f_score": NaN, "_wandb": {"runtime": 527}}