{"eval_LF-mse_longlat": 0.34301894903182983, "_timestamp": 1716368211.5591097, "_runtime": 558.9972267150879, "_step": 4, "eval_LF-mae_longlat": 0.34017422795295715, "eval_LF-mse_speed_direction": 0.4369371235370636, "eval_LF-mae_speed_direction": 0.3601812422275543, "avg_eval_LF-mse": 0.3899780511856079, "avg_eval_LF-mae": 0.35017773509025574, "avg_eval_CLS-acc": NaN, "avg_eval_IMP-mse": NaN, "avg_eval_IMP-mae": NaN, "avg_eval_Anomaly-f_score": NaN, "_wandb": {"runtime": 557}}