{"eval_LF-mse_offsets": 1.126699447631836, "_timestamp": 1716442450.1143656, "_runtime": 523.4354336261749, "_step": 4, "eval_LF-mae_offsets": 0.6802110075950623, "eval_LF-mse_speed_direction": 0.8323025107383728, "eval_LF-mae_speed_direction": 0.6425895690917969, "avg_eval_LF-mse": 0.9795010089874268, "avg_eval_LF-mae": 0.661400318145752, "avg_eval_CLS-acc": NaN, "avg_eval_IMP-mse": NaN, "avg_eval_IMP-mae": NaN, "avg_eval_Anomaly-f_score": NaN, "_wandb": {"runtime": 522}}