{"eval_LF-mse_longlat": 0.5484844446182251, "_timestamp": 1716393072.775303, "_runtime": 488.46847581863403, "_step": 4, "eval_LF-mae_longlat": 0.43902787566185, "eval_LF-mse_speed_direction": 0.5791061520576477, "eval_LF-mae_speed_direction": 0.45001181960105896, "avg_eval_LF-mse": 0.5637953281402588, "avg_eval_LF-mae": 0.44451984763145447, "avg_eval_CLS-acc": NaN, "avg_eval_IMP-mse": NaN, "avg_eval_IMP-mae": NaN, "avg_eval_Anomaly-f_score": NaN, "_wandb": {"runtime": 486}}