{"eval_LF-mse_longlat": 1.066653847694397, "_timestamp": 1716369769.6607046, "_runtime": 558.6121685504913, "_step": 4, "eval_LF-mae_longlat": 0.6448243856430054, "eval_LF-mse_speed_direction": 0.7618183493614197, "eval_LF-mae_speed_direction": 0.5873765349388123, "avg_eval_LF-mse": 0.9142360687255859, "avg_eval_LF-mae": 0.6161004304885864, "avg_eval_CLS-acc": NaN, "avg_eval_IMP-mse": NaN, "avg_eval_IMP-mae": NaN, "avg_eval_Anomaly-f_score": NaN, "_wandb": {"runtime": 557}}