{"eval_LF-mse_offsets": 0.5704379081726074, "_timestamp": 1716440803.599434, "_runtime": 557.3878269195557, "_step": 4, "eval_LF-mae_offsets": 0.4441250264644623, "eval_LF-mse_speed_direction": 0.4368829131126404, "eval_LF-mae_speed_direction": 0.36017513275146484, "avg_eval_LF-mse": 0.5036604404449463, "avg_eval_LF-mae": 0.40215009450912476, "avg_eval_CLS-acc": NaN, "avg_eval_IMP-mse": NaN, "avg_eval_IMP-mae": NaN, "avg_eval_Anomaly-f_score": NaN, "_wandb": {"runtime": 556}}