{"norm": 0, "train_cls_loss_longlat": 0.23969228565692902, "train_mask_loss_longlat": 0.23971204459667206, "train_sum_loss_longlat": 0.0037453463301062584, "loss_avg": 0.5465893976364682, "_timestamp": 1716360975.8655276, "_runtime": 3363.8335196971893, "_step": 133469, "train_cls_loss_speed_direction": 0.3294592499732971, "train_mask_loss_speed_direction": 0.3294839560985565, "train_sum_loss_speed_direction": 0.005147993564605713, "train_loss_avg": 0.5465893976364682, "_wandb": {"runtime": 3362}}