{"eval_LF-mse_offsets": 0.5459446310997009, "_timestamp": 1716470670.1777542, "_runtime": 487.8896322250366, "_step": 4, "eval_LF-mae_offsets": 0.3692094087600708, "eval_LF-mse_speed_direction": 0.17470641434192657, "eval_LF-mae_speed_direction": 0.17847393453121185, "avg_eval_LF-mse": 0.36032551527023315, "avg_eval_LF-mae": 0.2738416790962219, "avg_eval_CLS-acc": NaN, "avg_eval_IMP-mse": NaN, "avg_eval_IMP-mae": NaN, "avg_eval_Anomaly-f_score": NaN, "_wandb": {"runtime": 485}}