{"eval_LF-mse_longlat": 0.10960206389427185, "_timestamp": 1716373878.2911873, "_runtime": 2319.308436393738, "_step": 4, "eval_LF-mae_longlat": 0.17956706881523132, "eval_LF-mse_speed_direction": 0.19740541279315948, "eval_LF-mae_speed_direction": 0.1957472264766693, "avg_eval_LF-mse": 0.15350374579429626, "avg_eval_LF-mae": 0.18765714764595032, "avg_eval_CLS-acc": NaN, "avg_eval_IMP-mse": NaN, "avg_eval_IMP-mae": NaN, "avg_eval_Anomaly-f_score": NaN, "_wandb": {"runtime": 2318}}