{"eval_LF-mse_longlat": 0.2629934549331665, "_timestamp": 1716367547.3550353, "_runtime": 554.7611792087555, "_step": 4, "eval_LF-mae_longlat": 0.29645752906799316, "eval_LF-mse_speed_direction": 0.3762807250022888, "eval_LF-mae_speed_direction": 0.3199337422847748, "avg_eval_LF-mse": 0.31963708996772766, "avg_eval_LF-mae": 0.30819565057754517, "avg_eval_CLS-acc": NaN, "avg_eval_IMP-mse": NaN, "avg_eval_IMP-mae": NaN, "avg_eval_Anomaly-f_score": NaN, "_wandb": {"runtime": 553}}