{"eval_LF-mse_offsets": 1.1673352718353271, "_timestamp": 1716466019.2196858, "_runtime": 2295.457984685898, "_step": 4, "eval_LF-mae_offsets": 0.6701792478561401, "eval_LF-mse_speed_direction": 0.7494573593139648, "eval_LF-mae_speed_direction": 0.5799906253814697, "avg_eval_LF-mse": 0.958396315574646, "avg_eval_LF-mae": 0.6250849366188049, "avg_eval_CLS-acc": NaN, "avg_eval_IMP-mse": NaN, "avg_eval_IMP-mae": NaN, "avg_eval_Anomaly-f_score": NaN, "_wandb": {"runtime": 2294}}