{"eval_LF-mse_longlat": 0.7324594855308533, "_timestamp": 1716384100.0714982, "_runtime": 2283.5089921951294, "_step": 4, "eval_LF-mae_longlat": 0.4990116059780121, "eval_LF-mse_speed_direction": 0.5881120562553406, "eval_LF-mae_speed_direction": 0.46591103076934814, "avg_eval_LF-mse": 0.6602857708930969, "avg_eval_LF-mae": 0.4824613332748413, "avg_eval_CLS-acc": NaN, "avg_eval_IMP-mse": NaN, "avg_eval_IMP-mae": NaN, "avg_eval_Anomaly-f_score": NaN, "_wandb": {"runtime": 2280}}