{"norm": 0, "train_cls_loss_speed_direction": 0.15945355594158173, "train_mask_loss_speed_direction": 0.15946881473064423, "train_sum_loss_speed_direction": 0.0024915810208767653, "loss_avg": 0.2916905888980592, "_timestamp": 1716357476.6952257, "_runtime": 3150.9575057029724, "_step": 133489, "train_cls_loss_longlat": 0.1987464427947998, "train_mask_loss_longlat": 0.19888001680374146, "train_sum_loss_longlat": 0.0031064567156136036, "train_loss_avg": 0.2916905888980592, "_wandb": {"runtime": 3149}}