{"eval_LF-mse_offsets": 0.5678607821464539, "_timestamp": 1716449915.9095476, "_runtime": 2434.732348680496, "_step": 4, "eval_LF-mae_offsets": 0.4133908748626709, "eval_LF-mse_speed_direction": 0.27329352498054504, "eval_LF-mae_speed_direction": 0.2545289993286133, "avg_eval_LF-mse": 0.42057716846466064, "avg_eval_LF-mae": 0.3339599370956421, "avg_eval_CLS-acc": NaN, "avg_eval_IMP-mse": NaN, "avg_eval_IMP-mae": NaN, "avg_eval_Anomaly-f_score": NaN, "_wandb": {"runtime": 2432}}