{"eval_LF-mse_offsets": 0.6433191895484924, "_timestamp": 1716445246.508744, "_runtime": 2410.231859922409, "_step": 4, "eval_LF-mae_offsets": 0.41156259179115295, "eval_LF-mse_speed_direction": 0.19842132925987244, "eval_LF-mae_speed_direction": 0.19597868621349335, "avg_eval_LF-mse": 0.42087024450302124, "avg_eval_LF-mae": 0.30377063155174255, "avg_eval_CLS-acc": NaN, "avg_eval_IMP-mse": NaN, "avg_eval_IMP-mae": NaN, "avg_eval_Anomaly-f_score": NaN, "_wandb": {"runtime": 2409}}