{"eval_LF-mse_longlat": 0.2484518438577652, "_timestamp": 1716392444.1891627, "_runtime": 479.0813717842102, "_step": 4, "eval_LF-mae_longlat": 0.28800642490386963, "eval_LF-mse_speed_direction": 0.3696610629558563, "eval_LF-mae_speed_direction": 0.3193182349205017, "avg_eval_LF-mse": 0.30905646085739136, "avg_eval_LF-mae": 0.30366232991218567, "avg_eval_CLS-acc": NaN, "avg_eval_IMP-mse": NaN, "avg_eval_IMP-mae": NaN, "avg_eval_Anomaly-f_score": NaN, "_wandb": {"runtime": 477}}