{"eval_LF-mse_longlat": 0.1881122887134552, "_timestamp": 1716401361.1356766, "_runtime": 478.7226827144623, "_step": 4, "eval_LF-mae_longlat": 0.24862080812454224, "eval_LF-mse_speed_direction": 0.311266154050827, "eval_LF-mae_speed_direction": 0.2806411683559418, "avg_eval_LF-mse": 0.2496892213821411, "avg_eval_LF-mae": 0.2646309733390808, "avg_eval_CLS-acc": NaN, "avg_eval_IMP-mse": NaN, "avg_eval_IMP-mae": NaN, "avg_eval_Anomaly-f_score": NaN, "_wandb": {"runtime": 476}}