{"eval_LF-mse_longlat": 0.3518470227718353, "_timestamp": 1716381781.0694172, "_runtime": 2427.899073123932, "_step": 4, "eval_LF-mae_longlat": 0.33425652980804443, "eval_LF-mse_speed_direction": 0.3994171619415283, "eval_LF-mae_speed_direction": 0.34135815501213074, "avg_eval_LF-mse": 0.375632107257843, "avg_eval_LF-mae": 0.3378073573112488, "avg_eval_CLS-acc": NaN, "avg_eval_IMP-mse": NaN, "avg_eval_IMP-mae": NaN, "avg_eval_Anomaly-f_score": NaN, "_wandb": {"runtime": 2425}}