{"norm": 0, "train_cls_loss_speed_direction": 0.06919717788696289, "train_mask_loss_speed_direction": 0.06922538578510284, "train_sum_loss_speed_direction": 0.0010814262786880136, "loss_avg": 0.44060882478634245, "_timestamp": 1716427416.1179755, "_runtime": 3314.5013234615326, "_step": 133489, "train_cls_loss_offsets": 0.4326876997947693, "train_mask_loss_offsets": 0.43198662996292114, "train_sum_loss_offsets": 0.0067552682012319565, "train_loss_avg": 0.44060882478634245, "_wandb": {"runtime": 3313}}