{"eval_LF-mse_offsets": 0.4971308410167694, "_timestamp": 1716474453.1053402, "_runtime": 490.2721211910248, "_step": 4, "eval_LF-mae_offsets": 0.4048233926296234, "eval_LF-mse_speed_direction": 0.36961492896080017, "eval_LF-mae_speed_direction": 0.3193015456199646, "avg_eval_LF-mse": 0.4333728849887848, "avg_eval_LF-mae": 0.3620624542236328, "avg_eval_CLS-acc": NaN, "avg_eval_IMP-mse": NaN, "avg_eval_IMP-mae": NaN, "avg_eval_Anomaly-f_score": NaN, "_wandb": {"runtime": 488}}