{"norm": 0, "train_cls_loss_speed_direction": 0.05344638228416443, "train_mask_loss_speed_direction": 0.053678564727306366, "train_sum_loss_speed_direction": 0.0008369136485271156, "loss_avg": 0.10785876425056544, "_timestamp": 1716350875.9841592, "_runtime": 3306.1683292388916, "_step": 133489, "train_cls_loss_longlat": 0.010387197136878967, "train_mask_loss_longlat": 0.01038310956209898, "train_sum_loss_longlat": 0.00016226802836172283, "train_loss_avg": 0.10785876425056544, "_wandb": {"runtime": 3304}}