{"eval_LF-mse_longlat": 0.10384026169776917, "_timestamp": 1716365886.468102, "_runtime": 536.2185649871826, "_step": 4, "eval_LF-mae_longlat": 0.18462763726711273, "eval_LF-mse_speed_direction": 0.22300076484680176, "eval_LF-mae_speed_direction": 0.20842745900154114, "avg_eval_LF-mse": 0.16342051327228546, "avg_eval_LF-mae": 0.19652754068374634, "avg_eval_CLS-acc": NaN, "avg_eval_IMP-mse": NaN, "avg_eval_IMP-mae": NaN, "avg_eval_Anomaly-f_score": NaN, "_wandb": {"runtime": 535}}