{"eval_LF-mse_offsets": 0.9986678957939148, "_timestamp": 1716475906.5352705, "_runtime": 488.8004434108734, "_step": 4, "eval_LF-mae_offsets": 0.6152113080024719, "eval_LF-mse_speed_direction": 0.772187352180481, "eval_LF-mae_speed_direction": 0.578461766242981, "avg_eval_LF-mse": 0.8854275941848755, "avg_eval_LF-mae": 0.5968365669250488, "avg_eval_CLS-acc": NaN, "avg_eval_IMP-mse": NaN, "avg_eval_IMP-mae": NaN, "avg_eval_Anomaly-f_score": NaN, "_wandb": {"runtime": 487}}