{"norm": 0, "train_cls_loss_offsets": 0.3072569668292999, "train_mask_loss_offsets": 0.30674195289611816, "train_sum_loss_offsets": 0.004796866327524185, "loss_avg": 0.40348228430995037, "_timestamp": 1716405514.3045862, "_runtime": 3277.7527792453766, "_step": 133489, "train_cls_loss_speed_direction": 0.079534150660038, "train_mask_loss_speed_direction": 0.07934098690748215, "train_sum_loss_speed_direction": 0.001241212012246251, "train_loss_avg": 0.40348228430995037, "_wandb": {"runtime": 3276}}