{"eval_LF-mse_offsets": 1.2746855020523071, "_timestamp": 1716469950.8112657, "_runtime": 2462.1218957901, "_step": 4, "eval_LF-mae_offsets": 0.7184372544288635, "eval_LF-mse_speed_direction": 0.819357693195343, "eval_LF-mae_speed_direction": 0.6346126198768616, "avg_eval_LF-mse": 1.0470216274261475, "avg_eval_LF-mae": 0.6765249371528625, "avg_eval_CLS-acc": NaN, "avg_eval_IMP-mse": NaN, "avg_eval_IMP-mae": NaN, "avg_eval_Anomaly-f_score": NaN, "_wandb": {"runtime": 2460}}