{"eval_LF-mse_longlat": 0.18235166370868683, "_timestamp": 1716366831.4680388, "_runtime": 523.7977087497711, "_step": 4, "eval_LF-mae_longlat": 0.24563159048557281, "eval_LF-mse_speed_direction": 0.3048572242259979, "eval_LF-mae_speed_direction": 0.2704470157623291, "avg_eval_LF-mse": 0.24360445141792297, "avg_eval_LF-mae": 0.25803929567337036, "avg_eval_CLS-acc": NaN, "avg_eval_IMP-mse": NaN, "avg_eval_IMP-mae": NaN, "avg_eval_Anomaly-f_score": NaN, "_wandb": {"runtime": 522}}