{"eval_LF-mse_longlat": 1.2184008359909058, "_timestamp": 1716387891.3774261, "_runtime": 2278.5289101600647, "_step": 4, "eval_LF-mae_longlat": 0.6807650327682495, "eval_LF-mse_speed_direction": 0.7494528889656067, "eval_LF-mae_speed_direction": 0.579985499382019, "avg_eval_LF-mse": 0.9839268922805786, "avg_eval_LF-mae": 0.6303752660751343, "avg_eval_CLS-acc": NaN, "avg_eval_IMP-mse": NaN, "avg_eval_IMP-mae": NaN, "avg_eval_Anomaly-f_score": NaN, "_wandb": {"runtime": 2276}}