{"eval_LF-mse_longlat": 0.18717926740646362, "_timestamp": 1716376243.517568, "_runtime": 2285.659473180771, "_step": 4, "eval_LF-mae_longlat": 0.23920464515686035, "eval_LF-mse_speed_direction": 0.2730225920677185, "eval_LF-mae_speed_direction": 0.254460871219635, "avg_eval_LF-mse": 0.23010092973709106, "avg_eval_LF-mae": 0.24683275818824768, "avg_eval_CLS-acc": NaN, "avg_eval_IMP-mse": NaN, "avg_eval_IMP-mae": NaN, "avg_eval_Anomaly-f_score": NaN, "_wandb": {"runtime": 2284}}