{"norm": 0, "train_cls_loss_longlat": 0.4037312865257263, "train_mask_loss_longlat": 0.40374985337257385, "train_sum_loss_longlat": 0.006308446638286114, "loss_avg": 0.7450831830512722, "_timestamp": 1716364176.003218, "_runtime": 3146.7706220149994, "_step": 133469, "train_cls_loss_speed_direction": 0.3803015947341919, "train_mask_loss_speed_direction": 0.3803071081638336, "train_sum_loss_speed_direction": 0.005942255258560181, "train_loss_avg": 0.7450831830512722, "_wandb": {"runtime": 3145}}