{"norm": 0, "train_cls_loss_speed_direction": 0.07692868262529373, "train_mask_loss_speed_direction": 0.07695993036031723, "train_sum_loss_speed_direction": 0.0012022547889500856, "loss_avg": 0.3536536333521723, "_timestamp": 1716400831.7935004, "_runtime": 3376.6931104660034, "_step": 133489, "train_cls_loss_offsets": 0.41243457794189453, "train_mask_loss_offsets": 0.41295838356018066, "train_sum_loss_offsets": 0.0064483825117349625, "train_loss_avg": 0.3536536333521723, "_wandb": {"runtime": 3375}}