{"eval_LF-mse_longlat": 0.1301911622285843, "_timestamp": 1716391405.1997983, "_runtime": 500.39082646369934, "_step": 4, "eval_LF-mae_longlat": 0.20402958989143372, "eval_LF-mse_speed_direction": 0.24572138488292694, "eval_LF-mae_speed_direction": 0.23452484607696533, "avg_eval_LF-mse": 0.18795627355575562, "avg_eval_LF-mae": 0.21927721798419952, "avg_eval_CLS-acc": NaN, "avg_eval_IMP-mse": NaN, "avg_eval_IMP-mae": NaN, "avg_eval_Anomaly-f_score": NaN, "_wandb": {"runtime": 499}}